[{"model": "auth.user", "pk": 1, "fields": {"password": "pbkdf2_sha256$180000$3wodWnxPDKKz$s/01NjhsjAbw7d+sRQ3RIkGlSMWpAcNUdsUrI51bT4g=", "last_login": "2020-05-23T14:16:17.549Z", "is_superuser": false, "username": "eugenewere", "first_name": "Eugene", "last_name": "were", "email": "eugene.were1997@gmail.com", "is_staff": false, "is_active": true, "date_joined": "2020-05-17T16:23:46.664Z", "groups": [], "user_permissions": []}}, {"model": "sessions.session", "pk": "403qpdq3bwsar6auv58ky6izzo6wm9fe", "fields": {"session_data": "ZjI1ZDQ1MWQ5ZDUwNjIyOTgwNjA2ZjFiMzM2ODU1ZDA3NTAwNGNiZjp7Il9hdXRoX3VzZXJfaWQiOiIxIiwiX2F1dGhfdXNlcl9iYWNrZW5kIjoiZGphbmdvLmNvbnRyaWIuYXV0aC5iYWNrZW5kcy5Nb2RlbEJhY2tlbmQiLCJfYXV0aF91c2VyX2hhc2giOiI4NDI2NDA0OTRmMzQzNjI0YjM5ZWQ5N2U1N2Q0YjE1NjhiYmMxZjJlIn0=", "expire_date": "2020-06-06T14:16:17.777Z"}}, {"model": "backend.carousel", "pk": 2, "fields": {"image": "carousel/photo-1542831371-d531d36971e6.jpg", "title": "Programmer, Educator", "sub_title": "Always code as if the guy who ends up maintaining your code will be a violent psychopath who knows where you live", "created_at": "2020-05-10T16:34:20.943Z", "updated_at": "2020-05-10T16:49:33.881Z"}}, {"model": "backend.carousel", "pk": 3, "fields": {"image": "carousel/code-quality-standard_gzC4hJ4.png", "title": "Logo Designer, Logo Creator", "sub_title": "Programs must be written for people to read, and only incidentally for machines to execute.", "created_at": "2020-05-10T16:54:32.101Z", "updated_at": "2020-05-10T16:54:32.101Z"}}, {"model": "backend.about", "pk": 1, "fields": {"name": "Eugene Were", "image": "About/hero.png", "description": "Obviously I'M Web Designer. Web Developer with over 30 years of experience. Experienced with all stages of the development cycle for dynamic web projects. The as opposed to using 'Content here, content here', making it look like readable English.", "email": "eugene.were@yahoo.com", "phone": "+254 706 833 784", "location_url": "https://www.google.com/maps/embed?pb=!1m18!1m12!1m3!1d3988.9407101781107!2d36.92308971502147!3d-1.201765835879431!2m3!1f0!2f0!3f0!3m2!1i1024!2i768!4f13.1!3m3!1m2!1s0x182f3fc70367960d%3A0x77880bc261bc5e12!2sKahawa%20Wendani!5e0!3m2!1sen!2ske!4v1588432291341!5m2!1sen!2ske", "address": "kahawa wendani", "signature": "signature/sign.png", "date_of_birth": "1997-07-19T00:00:00Z"}}, {"model": "backend.hobbies", "pk": 1, "fields": {"icon": "fas fa-laptop-code", "name": "Development", "created_at": "2020-05-07T12:08:37.118Z", "updated_at": "2020-05-07T12:53:13.404Z"}}, {"model": "backend.hobbies", "pk": 2, "fields": {"icon": "fab fa-windows", "name": "Windows Os", "created_at": "2020-05-07T12:09:53.505Z", "updated_at": "2020-05-07T12:09:53.505Z"}}, {"model": "backend.hobbies", "pk": 3, "fields": {"icon": "fab fa-linux", "name": "Linux Os", "created_at": "2020-05-07T12:10:48.921Z", "updated_at": "2020-05-07T12:10:48.921Z"}}, {"model": "backend.hobbies", "pk": 4, "fields": {"icon": "fas fa-music", "name": "Music", "created_at": "2020-05-07T12:11:46.898Z", "updated_at": "2020-05-07T12:11:46.898Z"}}, {"model": "backend.hobbies", "pk": 5, "fields": {"icon": "fas fa-mug-hot", "name": "coffee", "created_at": "2020-05-07T12:13:20.536Z", "updated_at": "2020-05-07T12:13:20.536Z"}}, {"model": "backend.hobbies", "pk": 6, "fields": {"icon": "fas fa-gamepad", "name": "Games", "created_at": "2020-05-07T12:14:53.067Z", "updated_at": "2020-05-07T12:14:53.067Z"}}, {"model": "backend.hobbies", "pk": 7, "fields": {"icon": "fas fa-car", "name": "Cars", "created_at": "2020-05-07T12:16:46.269Z", "updated_at": "2020-05-07T12:16:46.269Z"}}, {"model": "backend.hobbies", "pk": 8, "fields": {"icon": "fas fa-vial", "name": "Science", "created_at": "2020-05-07T12:17:39.675Z", "updated_at": "2020-05-07T12:17:39.675Z"}}, {"model": "backend.hobbies", "pk": 9, "fields": {"icon": "fas fa-book-reader", "name": "Reading", "created_at": "2020-05-07T12:18:31.601Z", "updated_at": "2020-05-07T12:18:31.601Z"}}, {"model": "backend.hobbies", "pk": 10, "fields": {"icon": "fas fa-paint-brush", "name": "Diy", "created_at": "2020-05-07T12:20:58.041Z", "updated_at": "2020-05-07T12:20:58.041Z"}}, {"model": "backend.hobbies", "pk": 11, "fields": {"icon": "fas fa-luggage-cart", "name": "Traveling", "created_at": "2020-05-07T12:22:13.182Z", "updated_at": "2020-05-07T12:22:13.182Z"}}, {"model": "backend.hobbies", "pk": 12, "fields": {"icon": "fab fa-python", "name": "Python", "created_at": "2020-05-07T12:24:02.609Z", "updated_at": "2020-05-07T12:24:02.609Z"}}, {"model": "backend.hobbies", "pk": 13, "fields": {"icon": "fab fa-laravel", "name": "Laravel", "created_at": "2020-05-07T12:25:03.612Z", "updated_at": "2020-05-07T12:25:03.612Z"}}, {"model": "backend.hobbies", "pk": 14, "fields": {"icon": "fab fa-css3-alt", "name": "Css3", "created_at": "2020-05-07T12:25:57.228Z", "updated_at": "2020-05-07T12:25:57.228Z"}}, {"model": "backend.hobbies", "pk": 15, "fields": {"icon": "fab fa-html5", "name": "Html5", "created_at": "2020-05-07T12:27:02.121Z", "updated_at": "2020-05-07T12:56:45.703Z"}}, {"model": "backend.hobbies", "pk": 16, "fields": {"icon": "fas fa-file-code", "name": "Codding", "created_at": "2020-05-07T12:27:38.029Z", "updated_at": "2020-05-07T12:27:38.029Z"}}, {"model": "backend.hobbies", "pk": 17, "fields": {"icon": "fas fa-quidditch", "name": "UI/UX", "created_at": "2020-05-07T12:33:07.291Z", "updated_at": "2020-05-07T12:33:07.291Z"}}, {"model": "backend.hobbies", "pk": 18, "fields": {"icon": "fas fa-rocket", "name": "Astronomy", "created_at": "2020-05-07T12:48:33.573Z", "updated_at": "2020-05-07T12:48:33.573Z"}}, {"model": "backend.hobbies", "pk": 19, "fields": {"icon": "fas fa-video", "name": "Movies", "created_at": "2020-05-07T13:03:12.339Z", "updated_at": "2020-05-07T13:03:12.339Z"}}, {"model": "backend.hobbies", "pk": 20, "fields": {"icon": "fas fa-dumbbell", "name": "Fitness", "created_at": "2020-05-15T18:09:51.997Z", "updated_at": "2020-05-15T18:09:51.997Z"}}, {"model": "backend.speciality", "pk": 1, "fields": {"icon": "fab fa-android", "name": "Android", "description": "It is a long established fact that a reader will be distracted by the when looking at its layout.", "created_at": "2020-05-07T14:19:39.937Z", "updated_at": "2020-05-07T14:19:39.937Z"}}, {"model": "backend.speciality", "pk": 2, "fields": {"icon": "fas fa-passport", "name": "Website", "description": "It is a long established fact that a reader will be distracted by the when looking at its layout.", "created_at": "2020-05-07T15:10:14.782Z", "updated_at": "2020-05-07T15:10:14.783Z"}}, {"model": "backend.speciality", "pk": 3, "fields": {"icon": "fas fa-clock", "name": "24/7", "description": "It is a long established fact that a reader will be distracted by the when looking at its layout.", "created_at": "2020-05-07T15:12:19.812Z", "updated_at": "2020-05-07T15:12:19.812Z"}}, {"model": "backend.speciality", "pk": 4, "fields": {"icon": "fas fa-pencil-ruler", "name": "UI/UX Design", "description": "It is a long established fact that a reader will be distracted by the when looking at its layout.", "created_at": "2020-05-07T15:16:25.789Z", "updated_at": "2020-05-07T15:16:25.790Z"}}, {"model": "backend.speciality", "pk": 5, "fields": {"icon": "fas fa-bug", "name": "Debugger", "description": "It is a long established fact that a reader will be distracted by the when looking at its layout.", "created_at": "2020-05-07T15:18:45.315Z", "updated_at": "2020-05-07T15:18:45.315Z"}}, {"model": "backend.speciality", "pk": 6, "fields": {"icon": "far fa-eye", "name": "Logo Design", "description": "It is a long established fact that a reader will be distracted by the when looking at its layout.", "created_at": "2020-05-07T15:21:15.075Z", "updated_at": "2020-05-07T15:21:15.075Z"}}, {"model": "backend.speciality", "pk": 7, "fields": {"icon": "fas fa-user-secret", "name": "Cyber Security", "description": "It is a long established fact that a reader will be distracted by the when looking at its layout.", "created_at": "2020-05-07T15:40:50.706Z", "updated_at": "2020-05-07T19:55:37.408Z"}}, {"model": "backend.speciality", "pk": 8, "fields": {"icon": "fas fa-sync-alt", "name": "Software Solutions", "description": "It is a long established fact that a reader will be distracted by the when looking at its layout.", "created_at": "2020-05-07T18:51:20.406Z", "updated_at": "2020-05-07T18:51:20.406Z"}}, {"model": "backend.workparticipation", "pk": 1, "fields": {"start_end_dates": "2019 - 2020", "title": "Studing In jkuat University Of Science And Technology", "position": "Student", "description": "Lorem Ipsum is simply dummy text of the printing and typesetting industry. Lorem Ipsum has been the industry's standard dummy text ever since the 1500s, when an unknown printer took a galley of type and scrambled it to make a type specimen book.", "created_at": "2020-05-11T17:56:20.981Z", "updated_at": "2020-05-11T19:44:52.165Z"}}, {"model": "backend.workparticipation", "pk": 2, "fields": {"start_end_dates": "Curently", "title": "Muva Technologies", "position": "Consultant", "description": "Lorem Ipsum is simply dummy text of the printing and typesetting industry. Lorem Ipsum has been the industry's standard dummy text ever since the 1500s, when an unknown printer took a galley of type and scrambled it to make a type specimen book.", "created_at": "2020-05-15T19:34:50.632Z", "updated_at": "2020-05-15T19:41:25.051Z"}}, {"model": "backend.category", "pk": 1, "fields": {"name": "Web Dev", "created_at": "2020-05-10T15:11:41.959Z", "updated_at": "2020-05-10T15:20:52.667Z"}}, {"model": "backend.category", "pk": 2, "fields": {"name": "Logo Design", "created_at": "2020-05-10T15:22:28.367Z", "updated_at": "2020-05-10T15:22:28.367Z"}}, {"model": "backend.category", "pk": 3, "fields": {"name": "Android Dev", "created_at": "2020-05-10T15:23:01.098Z", "updated_at": "2020-05-10T15:23:01.098Z"}}, {"model": "backend.expertise", "pk": 1, "fields": {"category": 1, "language": "HTML", "percentage": 90, "created_at": "2020-05-12T14:42:59.283Z", "updated_at": "2020-05-12T14:42:59.283Z"}}, {"model": "backend.expertise", "pk": 2, "fields": {"category": 1, "language": "CSS", "percentage": 80, "created_at": "2020-05-12T15:09:34.785Z", "updated_at": "2020-05-12T15:09:34.785Z"}}, {"model": "backend.expertise", "pk": 3, "fields": {"category": 1, "language": "Javascript", "percentage": 50, "created_at": "2020-05-12T15:09:55.887Z", "updated_at": "2020-05-12T15:09:55.888Z"}}, {"model": "backend.expertise", "pk": 4, "fields": {"category": 1, "language": "Jquery", "percentage": 40, "created_at": "2020-05-12T15:11:57.156Z", "updated_at": "2020-05-12T15:11:57.156Z"}}, {"model": "backend.expertise", "pk": 5, "fields": {"category": 1, "language": "Bootstrap", "percentage": 70, "created_at": "2020-05-12T15:12:31.411Z", "updated_at": "2020-05-12T15:12:31.411Z"}}, {"model": "backend.expertise", "pk": 6, "fields": {"category": 2, "language": "Logo Design", "percentage": 60, "created_at": "2020-05-12T15:12:48.176Z", "updated_at": "2020-05-12T15:12:48.176Z"}}, {"model": "backend.expertise", "pk": 8, "fields": {"category": 3, "language": "Android", "percentage": 30, "created_at": "2020-05-12T15:17:17.858Z", "updated_at": "2020-05-12T15:17:17.858Z"}}, {"model": "backend.progresscounter", "pk": 2, "fields": {"happy_clients": "10", "cups_of_coffee": "5", "created_at": "2020-05-12T21:47:08.444Z", "updated_at": "2020-05-12T21:47:08.444Z"}}, {"model": "backend.portfolio", "pk": 1, "fields": {"category": 1, "image": "project/Annotation_2020-05-13_233122.png", "name": "Mashkies - Online Shopping", "link": "https://mashkys.com", "status": "DONE", "created_at": "2020-05-13T20:44:14.032Z", "updated_at": "2020-05-13T22:08:49.457Z"}}, {"model": "backend.portfolio", "pk": 2, "fields": {"category": 2, "image": "project/momntus.png", "name": "Momentous Digital", "link": "None", "status": "DONE", "created_at": "2020-05-13T21:31:03.466Z", "updated_at": "2020-05-18T20:59:12.642Z"}}, {"model": "backend.portfolio", "pk": 3, "fields": {"category": 2, "image": "project/travelright_NpMfZkq.png", "name": "Travel Right Agency", "link": "None", "status": "DONE", "created_at": "2020-05-13T21:32:17.252Z", "updated_at": "2020-05-18T20:59:49.845Z"}}, {"model": "backend.portfolio", "pk": 4, "fields": {"category": 2, "image": "project/Shoppy_w9qieGo.png", "name": "Shoppy - online shopping", "link": "None", "status": "DONE", "created_at": "2020-05-13T21:33:48.828Z", "updated_at": "2020-05-18T21:00:16.100Z"}}, {"model": "backend.portfolio", "pk": 5, "fields": {"category": 2, "image": "project/Elitesrides.png", "name": "The Elite Rides", "link": "None", "status": "DONE", "created_at": "2020-05-13T21:35:07.549Z", "updated_at": "2020-05-18T21:01:04.160Z"}}, {"model": "backend.portfolio", "pk": 6, "fields": {"category": 2, "image": "project/labourlink.png", "name": "Labour Market Link", "link": "None", "status": "DONE", "created_at": "2020-05-13T21:36:23.179Z", "updated_at": "2020-05-18T21:01:33.008Z"}}, {"model": "backend.portfolio", "pk": 7, "fields": {"category": 2, "image": "project/Urbanchichi_5KCAi7F.png", "name": "Urban Chichi -online cloathing shop", "link": "None", "status": "DONE", "created_at": "2020-05-13T21:37:46.479Z", "updated_at": "2020-05-18T20:58:44.611Z"}}, {"model": "backend.portfolio", "pk": 8, "fields": {"category": 3, "image": "project/jikonify.png", "name": "Jikonify- 4th Year project", "link": "None", "status": "DONE", "created_at": "2020-05-13T21:43:28.246Z", "updated_at": "2020-05-18T19:49:26.426Z"}}, {"model": "backend.portfolio", "pk": 9, "fields": {"category": 2, "image": "project/ccsb.png", "name": "CCSB - Environmental logos", "link": null, "status": "DONE", "created_at": "2020-05-18T21:02:55.949Z", "updated_at": "2020-05-18T21:02:55.949Z"}}, {"model": "backend.contactus", "pk": 1, "fields": {"first_name": "eugene", "last_name": "were", "email": "eugene.were@yahoo.com", "subject": "i want to support you", "message": "i want to support you", "status": "READ", "created_at": "2020-05-15T13:41:56.866Z", "updated_at": "2020-05-15T13:41:56.866Z"}}, {"model": "backend.contactus", "pk": 2, "fields": {"first_name": "eugene", "last_name": "were", "email": "eugene.were@yahoo.com", "subject": "i want to support you", "message": "i want to support you", "status": "READ", "created_at": "2020-05-15T13:44:32.299Z", "updated_at": "2020-05-15T13:44:32.299Z"}}, {"model": "backend.contactus", "pk": 3, "fields": {"first_name": "eugene", "last_name": "were", "email": "eugene.were@yahoo.com", "subject": "i want to support you", "message": "i want to support you", "status": "READ", "created_at": "2020-05-15T13:46:20.781Z", "updated_at": "2020-05-15T13:46:20.781Z"}}, {"model": "backend.contactus", "pk": 4, "fields": {"first_name": "eugene", "last_name": "Otto1", "email": "eugene.were@yahoo.com", "subject": "i want to support you", "message": "i hate you", "status": "READ", "created_at": "2020-05-15T13:48:12.620Z", "updated_at": "2020-05-15T13:48:12.620Z"}}, {"model": "backend.contactus", "pk": 5, "fields": {"first_name": "eugene", "last_name": "were", "email": "eugene.were@yahoo.com", "subject": "i want to support you", "message": "fade in", "status": "READ", "created_at": "2020-05-15T14:00:25.754Z", "updated_at": "2020-05-15T14:00:25.754Z"}}, {"model": "backend.contactus", "pk": 6, "fields": {"first_name": "eugene", "last_name": "were", "email": "eugene.were@yahoo.com", "subject": "i want to support you", "message": "i want to support you", "status": "READ", "created_at": "2020-05-15T14:15:54.513Z", "updated_at": "2020-05-15T14:15:54.513Z"}}, {"model": "backend.contactus", "pk": 8, "fields": {"first_name": "eugene", "last_name": "were", "email": "eugene.were@yahoo.com", "subject": "i want to support you", "message": "i want to support you", "status": "READ", "created_at": "2020-05-15T14:46:18.958Z", "updated_at": "2020-05-15T14:46:18.958Z"}}, {"model": "backend.contactus", "pk": 10, "fields": {"first_name": "simon", "last_name": "kiama", "email": "simonsimon@yahoo.com", "subject": "i want to support you", "message": "Lorem Ipsum is simply dummy text of the printing and typesetting industry. Lorem Ipsum has been the industry's standard dummy text ever since the 1500s, when an unknown printer took a galley of type and scrambled it to make a type specimen book. It has survived not only five centuries, but also the leap into electronic typesetting, remaining essentially unchanged. It was popularised in the 1960s with the release of Letraset sheets containing Lorem Ipsum passages, and more recently with desktop publishing software like Aldus PageMaker including versions of Lorem Ipsum.", "status": "UNREAD", "created_at": "2020-05-21T16:45:19.105Z", "updated_at": "2020-05-21T16:45:19.105Z"}}, {"model": "backend.contactus", "pk": 11, "fields": {"first_name": "njeri", "last_name": "njeri", "email": "njeri@gmail.com", "subject": "i want to support you", "message": "ihate my self", "status": "UNREAD", "created_at": "2020-05-21T17:23:48.112Z", "updated_at": "2020-05-21T17:23:48.112Z"}}, {"model": "backend.newsletter", "pk": 1, "fields": {"email": "eugene.were@yahoo.com", "created_at": "2020-05-15T16:51:48.013Z", "updated_at": "2020-05-15T16:51:48.013Z"}}, {"model": "backend.socialmedia", "pk": 1, "fields": {"icon": "fab fa-facebook-f", "social_name": "Facebook", "social_url": "https://www.facebook.com/eugene.were.524", "created_at": "2020-05-12T16:41:52.819Z", "updated_at": "2020-05-12T16:41:52.820Z"}}, {"model": "backend.socialmedia", "pk": 2, "fields": {"icon": "fab fa-instagram", "social_name": "Instagram", "social_url": "https://www.instagram.com/gen_eugene/", "created_at": "2020-05-12T17:01:37.903Z", "updated_at": "2020-05-12T17:01:37.903Z"}}, {"model": "backend.socialmedia", "pk": 3, "fields": {"icon": "fab fa-twitter", "social_name": "Twitter", "social_url": "https://twitter.com/eugenewere1", "created_at": "2020-05-12T17:05:23.582Z", "updated_at": "2020-05-12T17:05:23.582Z"}}, {"model": "backend.socialmedia", "pk": 4, "fields": {"icon": "fab fa-linkedin-in", "social_name": "Linkedin", "social_url": "https://www.linkedin.com/in/\u00eb\u00f9g\u00e8\u00f1\u00e8-\u00f6rg\u00eb\u00f1\u00ea-a1a2b6182/", "created_at": "2020-05-12T17:20:03.302Z", "updated_at": "2020-05-12T17:20:03.302Z"}}, {"model": "backend.socialmedia", "pk": 5, "fields": {"icon": "fab fa-github", "social_name": "Git Hub", "social_url": "https://github.com/eugenewere", "created_at": "2020-05-12T17:24:51.996Z", "updated_at": "2020-05-12T17:31:59.923Z"}}, {"model": "backend.counterimages", "pk": 1, "fields": {"image": "counterimages/Bm7L.gif", "status": "INACTIVE", "created_at": "2020-05-08T12:34:20.324Z", "updated_at": "2020-05-11T12:36:07.290Z"}}, {"model": "backend.counterimages", "pk": 2, "fields": {"image": "counterimages/Home_Adaptive.gif", "status": "ACTIVE", "created_at": "2020-05-08T13:04:54.127Z", "updated_at": "2020-05-08T13:04:54.127Z"}}, {"model": "backend.counterimages", "pk": 3, "fields": {"image": "counterimages/captovate-Isometric-animation-storyboard-v4.gif", "status": "INACTIVE", "created_at": "2020-05-08T13:25:08.363Z", "updated_at": "2020-05-08T13:25:08.363Z"}}, {"model": "backend.counterimages", "pk": 6, "fields": {"image": "counterimages/unnamed_2.gif", "status": "INACTIVE", "created_at": "2020-05-11T12:42:42.506Z", "updated_at": "2020-05-11T12:42:42.506Z"}}, {"model": "backend.workexpertise", "pk": 1, "fields": {"image": "workexpertimages/home-gif.gif", "status": "ACTIVE", "created_at": "2020-05-11T12:53:06.750Z", "updated_at": "2020-05-11T12:53:06.750Z"}}, {"model": "backend.workexpertise", "pk": 2, "fields": {"image": "workexpertimages/How-To-Start-E-COMMERCE-Business.gif", "status": "INACTIVE", "created_at": "2020-05-11T12:54:02.786Z", "updated_at": "2020-05-11T12:54:02.786Z"}}, {"model": "backend.availablefortheproject", "pk": 1, "fields": {"image": "availablefortheproject/webpixabye8.gif", "status": "INACTIVE", "created_at": "2020-05-11T13:18:53.906Z", "updated_at": "2020-05-11T13:18:53.906Z"}}, {"model": "backend.availablefortheproject", "pk": 2, "fields": {"image": "availablefortheproject/main_image.gif", "status": "ACTIVE", "created_at": "2020-05-11T13:19:24.829Z", "updated_at": "2020-05-11T13:19:24.829Z"}}, {"model": "backend.contactmeimage", "pk": 1, "fields": {"image": "contactme/OSFi.gif", "status": "INACTIVE", "created_at": "2020-05-11T13:52:18.018Z", "updated_at": "2020-05-11T13:52:18.018Z"}}, {"model": "backend.contactmeimage", "pk": 2, "fields": {"image": "contactme/webdevelopment12.gif", "status": "ACTIVE", "created_at": "2020-05-11T13:53:03.653Z", "updated_at": "2020-05-11T13:53:03.653Z"}}, {"model": "backend.sendmessageimage", "pk": 1, "fields": {"image": "sendmessageimage/jan-cavan-workstation.gif", "status": "INACTIVE", "created_at": "2020-05-11T14:10:40.920Z", "updated_at": "2020-05-11T14:10:40.920Z"}}, {"model": "backend.sendmessageimage", "pk": 2, "fields": {"image": "sendmessageimage/UM-Creatives-Digital-Marketing.gif", "status": "ACTIVE", "created_at": "2020-05-11T14:11:04.290Z", "updated_at": "2020-05-11T14:11:04.290Z"}}, {"model": "backend.admin", "pk": 1, "fields": {"phone_number": "0706833784", "birth_day": "1997-07-19T00:00:00Z", "admin_profile": "admin_images/profile.jpg", "created_at": "2020-05-17T16:23:49.820Z", "updated_at": "2020-05-22T10:46:09.265Z"}}, {"model": "backend.announcementbar", "pk": 1, "fields": {"backgroud_color": "red", "text_color": "#f2f2f2", "message": "Stay at home to keep others safe", "icon": "fas fa-smile-wink", "status": "HIDE", "created_at": "2020-05-14T13:11:12.931Z", "updated_at": "2020-05-14T13:51:05.335Z"}}, {"model": "backend.announcementbar", "pk": 2, "fields": {"backgroud_color": "linear-gradient(to top, #333333, #dd1818)", "text_color": "#f2f2f2", "message": "Stay at home to keep others safe", "icon": "fas fa-smile-wink", "status": "SHOW", "created_at": "2020-05-14T13:32:12.208Z", "updated_at": "2020-05-14T13:52:16.279Z"}}, {"model": "backend.announcementbar", "pk": 3, "fields": {"backgroud_color": "linear-gradient(to left, #b92b27, #1565c0)", "text_color": "#f2f2f2", "message": "Happy Mothers Day", "icon": "far fa-kiss-wink-heart", "status": "HIDE", "created_at": "2020-05-14T14:18:25.119Z", "updated_at": "2020-05-14T16:26:36.169Z"}}, {"model": "backend.education", "pk": 1, "fields": {"start_d": "2012-09-20T00:00:00Z", "end_d": "2020-03-18T00:00:00Z", "school": "Jomo Kenyatta University Of Science And Technology", "position": "Bachelor Of Business Information And Technology", "created_at": "2020-05-23T12:18:23.290Z", "updated_at": "2020-05-23T12:22:20.264Z"}}, {"model": "backend.experience", "pk": 1, "fields": {"start_d": "2019-04-01T00:00:00Z", "end_d": "2020-05-23T00:00:00Z", "institution": "Muva Technologies", "description": "Lorem Ipsum is simply dummy text of the printing and typesetting industry. Lorem Ipsum has been the industry's standard dummy text ever since the 1500s, when an unknown printer took a galley of type and scrambled it to make a type specimen book. It has survived not only five centuries, but also the leap into electronic typesetting, remaining essentially unchanged. It was popularised in the 1960s with the release of Letraset sheets containing Lorem Ipsum passages, and more recently with desktop publishing software like Aldus PageMaker including versions of Lorem Ipsum.", "position": "Consultant", "created_at": "2020-05-23T13:15:38.801Z", "updated_at": "2020-05-23T13:15:38.801Z"}}, {"model": "backend.software", "pk": 1, "fields": {"software": "PyCharm", "created_at": "2020-05-23T13:25:17.755Z", "updated_at": "2020-05-23T13:25:43.152Z"}}, {"model": "backend.software", "pk": 2, "fields": {"software": "Logo Design Shop", "created_at": "2020-05-23T13:45:13.015Z", "updated_at": "2020-05-23T13:45:13.015Z"}}, {"model": "backend.software", "pk": 3, "fields": {"software": "PhpStorm", "created_at": "2020-05-23T13:46:24.497Z", "updated_at": "2020-05-23T13:46:24.497Z"}}, {"model": "backend.software", "pk": 4, "fields": {"software": "Adobe Illustrator", "created_at": "2020-05-23T13:46:49.975Z", "updated_at": "2020-05-23T13:46:49.975Z"}}, {"model": "backend.software", "pk": 5, "fields": {"software": "Adobe Photoshop", "created_at": "2020-05-23T13:47:40.468Z", "updated_at": "2020-05-23T13:47:40.468Z"}}, {"model": "backend.software", "pk": 6, "fields": {"software": "Web Storm", "created_at": "2020-05-23T14:14:16.131Z", "updated_at": "2020-05-23T14:14:16.131Z"}}, {"model": "backend.language", "pk": 1, "fields": {"language": "HTML", "created_at": "2020-05-23T13:43:38.745Z", "updated_at": "2020-05-23T13:43:38.745Z"}}, {"model": "backend.language", "pk": 3, "fields": {"language": "CSS", "created_at": "2020-05-23T13:43:58.540Z", "updated_at": "2020-05-23T13:43:58.540Z"}}, {"model": "backend.language", "pk": 4, "fields": {"language": "Bootstrap", "created_at": "2020-05-23T13:44:08.562Z", "updated_at": "2020-05-23T13:44:08.562Z"}}, {"model": "backend.language", "pk": 5, "fields": {"language": "Javascript", "created_at": "2020-05-23T13:44:15.361Z", "updated_at": "2020-05-23T13:44:15.361Z"}}, {"model": "backend.language", "pk": 6, "fields": {"language": "Android", "created_at": "2020-05-23T13:44:22.823Z", "updated_at": "2020-05-23T13:44:22.823Z"}}, {"model": "backend.language", "pk": 7, "fields": {"language": "Python", "created_at": "2020-05-23T13:44:53.040Z", "updated_at": "2020-05-23T13:44:53.040Z"}}]